reference_date,aove_price_eur_kg,ipc_monthly,diesel_price_eur,stock_delta_pct,surface_delta_pct
2010-01-04,1.7,0.0,0.0,0.0,0.0
2010-01-11,1.7,86.158,0.682,0.0,0.6
2010-01-18,1.7,86.158,0.682,0.0,0.6
2010-01-25,1.7,86.158,0.682,0.0,0.6
2010-02-01,1.7,86.158,0.682,0.0,0.6
2010-02-08,1.7,86.158,0.682,0.0,0.6
2010-02-15,1.7,86.158,0.682,0.0,0.6
2010-02-22,1.7,86.158,0.682,0.0,0.6
2010-03-01,1.7,86.158,0.682,0.0,0.6
2010-03-08,1.7,86.158,0.682,0.0,0.6
2010-03-15,1.7,86.158,0.682,0.0,0.6
2010-03-22,1.7,86.158,0.682,0.0,0.6
2010-03-29,1.7,86.158,0.682,0.0,0.6
2010-04-05,1.7,86.158,0.682,0.0,0.6
2010-04-12,1.7,87.562,0.682,-2.970297,0.6
2010-04-19,1.7,87.562,0.682,-2.970297,0.6
2010-04-26,1.7,87.562,0.682,-2.970297,0.6
2010-05-03,1.7,87.562,0.682,-2.970297,0.6
2010-05-10,1.7,87.562,0.682,-2.970297,0.6
2010-05-17,1.7,87.562,0.682,-2.970297,0.6
2010-05-24,1.7,87.562,0.682,-2.970297,0.6
2010-05-31,1.7,87.562,0.682,-2.970297,0.6
2010-06-07,1.7,87.562,0.682,-2.970297,0.6
2010-06-14,1.7,87.913,0.682,-2.0833333,0.6
2010-06-21,1.7,87.913,0.682,-2.0833333,0.6
2010-06-28,1.7,87.913,0.682,-2.0833333,0.6
2010-07-05,1.7,87.913,0.682,-2.0833333,0.6
2010-07-12,1.7,87.913,0.682,-2.0833333,0.6
2010-07-19,1.7,87.913,0.682,-2.0833333,0.6
2010-07-26,1.7,87.913,0.682,-2.0833333,0.6
2010-08-02,1.7,87.913,0.682,-2.0833333,0.6
2010-08-09,1.7,87.913,0.682,-2.0833333,0.6
2010-08-16,1.7,87.74,0.682,2.173913,0.6
2010-08-23,1.7,87.74,0.682,2.173913,0.6
2010-08-30,1.7,87.74,0.682,2.173913,0.6
2010-09-06,1.7,87.74,0.682,2.173913,0.6
2010-09-13,1.7,87.74,0.682,2.173913,0.6
2010-09-20,1.7,87.74,0.682,2.173913,0.6
2010-09-27,1.7,87.74,0.682,2.173913,0.6
2010-10-04,1.7,87.74,0.682,2.173913,0.6
2010-10-11,1.68,87.74,0.682,2.173913,0.6
2010-10-18,1.67,87.74,0.682,2.173913,0.6
2010-10-25,1.66,87.74,0.682,2.173913,0.6
2010-11-01,1.65,87.74,0.682,2.173913,0.6
2010-11-08,1.65,87.74,0.682,2.173913,0.6
2010-11-15,1.64,89.084,0.682,6.4814816,0.6
2010-11-22,1.63,89.084,0.682,6.4814816,0.6
2010-11-29,1.63,89.084,0.682,6.4814816,0.6
2010-12-06,1.63,89.084,0.682,6.4814816,0.6
2010-12-13,1.63,89.084,0.682,6.4814816,0.6
2010-12-20,1.62,89.084,0.682,6.4814816,0.6
2010-12-27,1.62,89.084,0.682,6.4814816,0.6
2011-01-03,1.62,89.084,0.682,6.4814816,0.6
2011-01-10,1.62,88.975,0.789,-11.888112,0.7
2011-01-17,1.62,88.975,0.789,-11.888112,0.7
2011-01-24,1.62,88.975,0.789,-11.888112,0.7
2011-01-31,1.63,88.975,0.789,-11.888112,0.7
2011-02-07,1.63,89.088,0.789,-1.9047619,0.7
2011-02-14,1.63,89.088,0.789,-1.9047619,0.7
2011-02-21,1.63,89.088,0.789,-1.9047619,0.7
2011-02-28,1.63,89.088,0.789,-1.9047619,0.7
2011-03-07,1.63,89.754,0.789,-1.9417475,0.7
2011-03-14,1.63,89.754,0.789,-1.9417475,0.7
2011-03-21,1.63,89.754,0.789,-1.9417475,0.7
2011-03-28,1.63,89.754,0.789,-1.9417475,0.7
2011-04-04,1.63,90.871,0.789,-2.970297,0.7
2011-04-11,1.63,90.871,0.789,-2.970297,0.7
2011-04-18,1.63,90.871,0.789,-2.970297,0.7
2011-04-25,1.63,90.871,0.789,-2.970297,0.7
2011-05-02,1.63,90.871,0.789,-2.970297,0.7
2011-05-09,1.64,90.841,0.789,-2.0408163,0.7
2011-05-16,1.64,90.841,0.789,-2.0408163,0.7
2011-05-23,1.64,90.841,0.789,-2.0408163,0.7
2011-05-30,1.65,90.841,0.789,-2.0408163,0.7
2011-06-06,1.65,90.713,0.789,-2.0833333,0.7
2011-06-13,1.65,90.713,0.789,-2.0833333,0.7
2011-06-20,1.65,90.713,0.789,-2.0833333,0.7
2011-06-27,1.66,90.713,0.789,-2.0833333,0.7
2011-07-04,1.66,90.226,0.789,-2.1276596,0.7
2011-07-11,1.66,90.226,0.789,-2.1276596,0.7
2011-07-18,1.67,90.226,0.789,-2.1276596,0.7
2011-07-25,1.68,90.226,0.789,-2.1276596,0.7
2011-08-01,1.69,90.226,0.789,-2.1276596,0.7
2011-08-08,1.7,90.338,0.789,2.173913,0.7
2011-08-15,1.72,90.338,0.789,2.173913,0.7
2011-08-22,1.73,90.338,0.789,2.173913,0.7
2011-08-29,1.75,90.338,0.789,2.173913,0.7
2011-09-05,1.77,90.559,0.789,3.1914895,0.7
2011-09-12,1.78,90.559,0.789,3.1914895,0.7
2011-09-19,1.8,90.559,0.789,3.1914895,0.7
2011-09-26,1.82,90.559,0.789,3.1914895,0.7
2011-10-03,1.85,91.273,0.789,11.340206,0.7
2011-10-10,1.9,91.273,0.789,11.340206,0.7
2011-10-17,1.96,91.273,0.789,11.340206,0.7
2011-10-24,2.02,91.273,0.789,11.340206,0.7
2011-10-31,2.1,91.273,0.789,11.340206,0.7
2011-11-07,2.18,91.643,0.789,6.4814816,0.7
2011-11-14,2.25,91.643,0.789,6.4814816,0.7
2011-11-21,2.32,91.643,0.789,6.4814816,0.7
2011-11-28,2.38,91.643,0.789,6.4814816,0.7
2011-12-05,2.44,91.643,0.789,6.4814816,0.7
2011-12-12,2.5,91.762,0.789,-4.347826,0.7
2011-12-19,2.55,91.762,0.789,-4.347826,0.7
2011-12-26,2.58,91.762,0.789,-4.347826,0.7
2012-01-02,2.6,91.762,0.789,-4.347826,0.7
2012-01-09,2.62,91.762,0.789,-4.347826,0.7
2012-01-16,2.65,90.753,0.82,21.306818,0.9
2012-01-23,2.67,90.753,0.82,21.306818,0.9
2012-01-30,2.68,90.753,0.82,21.306818,0.9
2012-02-06,2.69,90.847,0.82,-1.9047619,0.9
2012-02-13,2.7,90.847,0.82,-1.9047619,0.9
2012-02-20,2.71,90.847,0.82,-1.9047619,0.9
2012-02-27,2.72,90.847,0.82,-1.9047619,0.9
2012-03-05,2.72,90.847,0.82,-1.9047619,0.9
2012-03-12,2.73,91.458,0.82,-1.9417475,0.9
2012-03-19,2.73,91.458,0.82,-1.9417475,0.9
2012-03-26,2.72,91.458,0.82,-1.9417475,0.9
2012-04-02,2.72,91.458,0.82,-1.9417475,0.9
2012-04-09,2.72,92.743,0.82,-2.970297,0.9
2012-04-16,2.71,92.743,0.82,-2.970297,0.9
2012-04-23,2.7,92.743,0.82,-2.970297,0.9
2012-04-30,2.69,92.743,0.82,-2.970297,0.9
2012-05-07,2.68,92.606,0.82,-2.0408163,0.9
2012-05-14,2.67,92.606,0.82,-2.0408163,0.9
2012-05-21,2.67,92.606,0.82,-2.0408163,0.9
2012-05-28,2.66,92.606,0.82,-2.0408163,0.9
2012-06-04,2.65,92.433,0.82,-2.0833333,0.9
2012-06-11,2.65,92.433,0.82,-2.0833333,0.9
2012-06-18,2.64,92.433,0.82,-2.0833333,0.9
2012-06-25,2.64,92.433,0.82,-2.0833333,0.9
2012-07-02,2.63,92.433,0.82,-2.0833333,0.9
2012-07-09,2.63,92.217,0.82,-2.1276596,0.9
2012-07-16,2.62,92.217,0.82,-2.1276596,0.9
2012-07-23,2.62,92.217,0.82,-2.1276596,0.9
2012-07-30,2.62,92.217,0.82,-2.1276596,0.9
2012-08-06,2.61,92.217,0.82,-2.1276596,0.9
2012-08-13,2.61,92.736,0.82,2.173913,0.9
2012-08-20,2.6,92.736,0.82,2.173913,0.9
2012-08-27,2.6,92.736,0.82,2.173913,0.9
2012-09-03,2.6,93.649,0.82,3.1914895,0.9
2012-09-10,2.6,93.649,0.82,3.1914895,0.9
2012-09-17,2.6,93.649,0.82,3.1914895,0.9
2012-09-24,2.6,93.649,0.82,3.1914895,0.9
2012-10-01,2.58,93.649,0.82,3.1914895,0.9
2012-10-08,2.56,93.649,0.82,3.1914895,0.9
2012-10-15,2.53,94.445,0.82,11.340206,0.9
2012-10-22,2.5,94.445,0.82,11.340206,0.9
2012-10-29,2.47,94.445,0.82,11.340206,0.9
2012-11-05,2.44,94.445,0.82,11.340206,0.9
2012-11-12,2.41,94.328,0.82,6.4814816,0.9
2012-11-19,2.38,94.328,0.82,6.4814816,0.9
2012-11-26,2.35,94.328,0.82,6.4814816,0.9
2012-12-03,2.32,94.394,0.82,-4.347826,0.9
2012-12-10,2.29,94.394,0.82,-4.347826,0.9
2012-12-17,2.26,94.394,0.82,-4.347826,0.9
2012-12-24,2.24,94.394,0.82,-4.347826,0.9
2012-12-31,2.22,94.394,0.82,-4.347826,0.9
2013-01-07,2.2,93.188,0.78,-18.628912,1.1
2013-01-14,2.18,93.188,0.78,-18.628912,1.1
2013-01-21,2.16,93.188,0.78,-18.628912,1.1
2013-01-28,2.15,93.188,0.78,-18.628912,1.1
2013-02-04,2.14,93.188,0.78,-18.628912,1.1
2013-02-11,2.13,93.349,0.78,-1.9047619,1.1
2013-02-18,2.12,93.349,0.78,-1.9047619,1.1
2013-02-25,2.11,93.349,0.78,-1.9047619,1.1
2013-03-04,2.1,93.349,0.78,-1.9047619,1.1
2013-03-11,2.09,93.678,0.78,-1.9417475,1.1
2013-03-18,2.09,93.678,0.78,-1.9417475,1.1
2013-03-25,2.09,93.678,0.78,-1.9417475,1.1
2013-04-01,2.09,93.678,0.78,-1.9417475,1.1
2013-04-08,2.1,94.028,0.78,-2.970297,1.1
2013-04-15,2.1,94.028,0.78,-2.970297,1.1
2013-04-22,2.11,94.028,0.78,-2.970297,1.1
2013-04-29,2.12,94.028,0.78,-2.970297,1.1
2013-05-06,2.14,94.028,0.78,-2.970297,1.1
2013-05-13,2.15,94.201,0.78,-2.0408163,1.1
2013-05-20,2.17,94.201,0.78,-2.0408163,1.1
2013-05-27,2.19,94.201,0.78,-2.0408163,1.1
2013-06-03,2.21,94.201,0.78,-2.0408163,1.1
2013-06-10,2.23,94.34,0.78,-2.0833333,1.1
2013-06-17,2.25,94.34,0.78,-2.0833333,1.1
2013-06-24,2.27,94.34,0.78,-2.0833333,1.1
2013-07-01,2.29,93.853,0.78,-2.1276596,1.1
2013-07-08,2.31,93.853,0.78,-2.1276596,1.1
2013-07-15,2.33,93.853,0.78,-2.1276596,1.1
2013-07-22,2.35,93.853,0.78,-2.1276596,1.1
2013-07-29,2.37,93.853,0.78,-2.1276596,1.1
2013-08-05,2.4,94.145,0.78,2.173913,1.1
2013-08-12,2.43,94.145,0.78,2.173913,1.1
2013-08-19,2.46,94.145,0.78,2.173913,1.1
2013-08-26,2.5,94.145,0.78,2.173913,1.1
2013-09-02,2.54,94.145,0.78,2.173913,1.1
2013-09-09,2.58,93.969,0.78,3.1914895,1.1
2013-09-16,2.62,93.969,0.78,3.1914895,1.1
2013-09-23,2.66,93.969,0.78,3.1914895,1.1
2013-09-30,2.68,93.969,0.78,3.1914895,1.1
2013-10-07,2.7,94.351,0.78,11.340206,1.1
2013-10-14,2.72,94.351,0.78,11.340206,1.1
2013-10-21,2.75,94.351,0.78,11.340206,1.1
2013-10-28,3.4,94.351,0.78,11.340206,1.1
2013-11-04,3.8,94.547,0.78,6.4814816,1.1
2013-11-11,4.0,94.547,0.78,6.4814816,1.1
2013-11-18,4.1,94.547,0.78,6.4814816,1.1
2013-11-25,4.18,94.547,0.78,6.4814816,1.1
2013-12-02,4.22,94.547,0.78,6.4814816,1.1
2013-12-09,4.25,94.632,0.78,-4.347826,1.1
2013-12-16,4.26,94.632,0.78,-4.347826,1.1
2013-12-23,4.26,94.632,0.78,-4.347826,1.1
2013-12-30,4.26,94.632,0.78,-4.347826,1.1
2014-01-06,4.26,94.632,0.78,-4.347826,1.1
2014-01-13,4.25,93.373,0.66,-35.751747,0.8
2014-01-20,4.25,93.373,0.66,-35.751747,0.8
2014-01-27,4.24,93.373,0.66,-35.751747,0.8
2014-02-03,4.23,93.373,0.66,-35.751747,0.8
2014-02-10,4.22,93.333,0.66,-1.9047619,0.8
2014-02-17,4.2,93.333,0.66,-1.9047619,0.8
2014-02-24,4.19,93.333,0.66,-1.9047619,0.8
2014-03-03,4.17,93.541,0.66,-1.9417475,0.8
2014-03-10,4.15,93.541,0.66,-1.9417475,0.8
2014-03-17,4.13,93.541,0.66,-1.9417475,0.8
2014-03-24,4.11,93.541,0.66,-1.9417475,0.8
2014-03-31,4.08,93.541,0.66,-1.9417475,0.8
2014-04-07,4.06,93.541,0.66,-1.9417475,0.8
2014-04-14,4.03,94.373,0.66,-2.970297,0.8
2014-04-21,4.0,94.373,0.66,-2.970297,0.8
2014-04-28,3.97,94.373,0.66,-2.970297,0.8
2014-05-05,3.94,94.395,0.66,-2.0408163,0.8
2014-05-12,3.91,94.395,0.66,-2.0408163,0.8
2014-05-19,3.88,94.395,0.66,-2.0408163,0.8
2014-05-26,3.85,94.395,0.66,-2.0408163,0.8
2014-06-02,3.82,94.421,0.66,-2.0833333,0.8
2014-06-09,3.79,94.421,0.66,-2.0833333,0.8
2014-06-16,3.76,94.421,0.66,-2.0833333,0.8
2014-06-23,3.73,94.421,0.66,-2.0833333,0.8
2014-06-30,3.7,94.421,0.66,-2.0833333,0.8
2014-07-07,3.67,93.533,0.66,-2.1276596,0.8
2014-07-14,3.64,93.533,0.66,-2.1276596,0.8
2014-07-21,3.61,93.533,0.66,-2.1276596,0.8
2014-07-28,3.58,93.533,0.66,-2.1276596,0.8
2014-08-04,3.55,93.533,0.66,-2.1276596,0.8
2014-08-11,3.52,93.681,0.66,2.173913,0.8
2014-08-18,3.49,93.681,0.66,2.173913,0.8
2014-08-25,3.46,93.681,0.66,2.173913,0.8
2014-09-01,3.43,93.681,0.66,2.173913,0.8
2014-09-08,3.4,93.824,0.66,3.1914895,0.8
2014-09-15,3.37,93.824,0.66,3.1914895,0.8
2014-09-22,3.34,93.824,0.66,3.1914895,0.8
2014-09-29,3.2,93.824,0.66,3.1914895,0.8
2014-10-06,3.1,94.261,0.66,11.340206,0.8
2014-10-13,2.95,94.261,0.66,11.340206,0.8
2014-10-20,2.8,94.261,0.66,11.340206,0.8
2014-10-27,2.65,94.261,0.66,11.340206,0.8
2014-11-03,2.52,94.261,0.66,11.340206,0.8
2014-11-10,2.42,94.195,0.66,6.4814816,0.8
2014-11-17,2.33,94.195,0.66,6.4814816,0.8
2014-11-24,2.26,94.195,0.66,6.4814816,0.8
2014-12-01,2.2,94.195,0.66,6.4814816,0.8
2014-12-08,2.15,93.646,0.66,-4.347826,0.8
2014-12-15,2.11,93.646,0.66,-4.347826,0.8
2014-12-22,2.08,93.646,0.66,-4.347826,0.8
2014-12-29,2.06,93.646,0.66,-4.347826,0.8
2015-01-05,2.04,93.646,0.66,-4.347826,0.8
2015-01-12,2.02,92.141,0.548,69.09091,0.8
2015-01-19,2.0,92.141,0.548,69.09091,0.8
2015-01-26,2.0,92.141,0.548,69.09091,0.8
2015-02-02,2.0,92.331,0.548,-1.9047619,0.8
2015-02-09,2.0,92.331,0.548,-1.9047619,0.8
2015-02-16,2.0,92.331,0.548,-1.9047619,0.8
2015-02-23,2.0,92.331,0.548,-1.9047619,0.8
2015-03-02,2.0,92.331,0.548,-1.9047619,0.8
2015-03-09,2.01,92.92,0.548,-1.9417475,0.8
2015-03-16,2.02,92.92,0.548,-1.9417475,0.8
2015-03-23,2.03,92.92,0.548,-1.9417475,0.8
2015-03-30,2.04,92.92,0.548,-1.9417475,0.8
2015-04-06,2.06,93.774,0.548,-2.970297,0.8
2015-04-13,2.08,93.774,0.548,-2.970297,0.8
2015-04-20,2.1,93.774,0.548,-2.970297,0.8
2015-04-27,2.12,93.774,0.548,-2.970297,0.8
2015-05-04,2.15,94.222,0.548,-2.0408163,0.8
2015-05-11,2.18,94.222,0.548,-2.0408163,0.8
2015-05-18,2.2,94.222,0.548,-2.0408163,0.8
2015-05-25,2.23,94.222,0.548,-2.0408163,0.8
2015-06-01,2.25,94.222,0.548,-2.0408163,0.8
2015-06-08,2.28,94.474,0.548,-2.0833333,0.8
2015-06-15,2.3,94.474,0.548,-2.0833333,0.8
2015-06-22,2.32,94.474,0.548,-2.0833333,0.8
2015-06-29,2.35,94.474,0.548,-2.0833333,0.8
2015-07-06,2.38,94.474,0.548,-2.0833333,0.8
2015-07-13,2.4,93.597,0.548,-2.1276596,0.8
2015-07-20,2.43,93.597,0.548,-2.1276596,0.8
2015-07-27,2.45,93.597,0.548,-2.1276596,0.8
2015-08-03,2.48,93.597,0.548,-2.1276596,0.8
2015-08-10,2.5,93.286,0.548,2.173913,0.8
2015-08-17,2.52,93.286,0.548,2.173913,0.8
2015-08-24,2.55,93.286,0.548,2.173913,0.8
2015-08-31,2.58,93.286,0.548,2.173913,0.8
2015-09-07,2.6,92.999,0.548,3.1914895,0.8
2015-09-14,2.62,92.999,0.548,3.1914895,0.8
2015-09-21,2.64,92.999,0.548,3.1914895,0.8
2015-09-28,2.65,92.999,0.548,3.1914895,0.8
2015-10-05,2.66,92.999,0.548,3.1914895,0.8
2015-10-12,2.66,93.595,0.548,11.340206,0.8
2015-10-19,2.65,93.595,0.548,11.340206,0.8
2015-10-26,2.64,93.595,0.548,11.340206,0.8
2015-11-02,2.63,93.595,0.548,11.340206,0.8
2015-11-09,2.62,93.937,0.548,6.4814816,0.8
2015-11-16,2.61,93.937,0.548,6.4814816,0.8
2015-11-23,2.6,93.937,0.548,6.4814816,0.8
2015-11-30,2.58,93.937,0.548,6.4814816,0.8
2015-12-07,2.57,93.663,0.548,-4.347826,0.8
2015-12-14,2.56,93.663,0.548,-4.347826,0.8
2015-12-21,2.55,93.663,0.548,-4.347826,0.8
2016-01-04,2.54,91.876,0.445,-10.703813,1.2
2016-01-11,2.52,91.876,0.445,-10.703813,1.2
2016-01-18,2.51,91.876,0.445,-10.703813,1.2
2016-01-25,2.5,91.876,0.445,-10.703813,1.2
2016-02-01,2.49,91.876,0.445,-10.703813,1.2
2016-02-08,2.48,91.552,0.445,-1.9047619,1.2
2016-02-15,2.48,91.552,0.445,-1.9047619,1.2
2016-02-22,2.48,91.552,0.445,-1.9047619,1.2
2016-02-29,2.48,91.552,0.445,-1.9047619,1.2
2016-03-07,2.48,91.552,0.445,-1.9047619,1.2
2016-03-14,2.48,92.139,0.445,-1.9417475,1.2
2016-03-21,2.49,92.139,0.445,-1.9417475,1.2
2016-03-28,2.5,92.139,0.445,-1.9417475,1.2
2016-04-04,2.5,92.785,0.445,-2.970297,1.2
2016-04-11,2.51,92.785,0.445,-2.970297,1.2
2016-04-18,2.52,92.785,0.445,-2.970297,1.2
2016-04-25,2.53,92.785,0.445,-2.970297,1.2
2016-05-02,2.54,92.785,0.445,-2.970297,1.2
2016-05-09,2.55,93.292,0.445,-2.0408163,1.2
2016-05-16,2.56,93.292,0.445,-2.0408163,1.2
2016-05-23,2.57,93.292,0.445,-2.0408163,1.2
2016-05-30,2.58,93.292,0.445,-2.0408163,1.2
2016-06-06,2.59,93.723,0.445,-2.0833333,1.2
2016-06-13,2.6,93.723,0.445,-2.0833333,1.2
2016-06-20,2.61,93.723,0.445,-2.0833333,1.2
2016-06-27,2.62,93.723,0.445,-2.0833333,1.2
2016-07-04,2.63,93.041,0.445,-2.1276596,1.2
2016-07-11,2.64,93.041,0.445,-2.1276596,1.2
2016-07-18,2.65,93.041,0.445,-2.1276596,1.2
2016-07-25,2.66,93.041,0.445,-2.1276596,1.2
2016-08-01,2.67,93.041,0.445,-2.1276596,1.2
2016-08-08,2.68,93.161,0.445,2.173913,1.2
2016-08-15,2.68,93.161,0.445,2.173913,1.2
2016-08-22,2.69,93.161,0.445,2.173913,1.2
2016-08-29,2.69,93.161,0.445,2.173913,1.2
2016-09-05,2.69,93.165,0.445,3.1914895,1.2
2016-09-12,2.7,93.165,0.445,3.1914895,1.2
2016-09-19,2.7,93.165,0.445,3.1914895,1.2
2016-09-26,2.7,93.165,0.445,3.1914895,1.2
2016-10-03,2.68,93.165,0.445,3.1914895,1.2
2016-10-10,2.66,94.23,0.445,11.340206,1.2
2016-10-17,2.64,94.23,0.445,11.340206,1.2
2016-10-24,2.62,94.23,0.445,11.340206,1.2
2016-10-31,2.6,94.23,0.445,11.340206,1.2
2016-11-07,2.62,94.572,0.445,6.4814816,1.2
2016-11-14,2.64,94.572,0.445,6.4814816,1.2
2016-11-21,2.66,94.572,0.445,6.4814816,1.2
2016-11-28,2.68,94.572,0.445,6.4814816,1.2
2016-12-05,2.72,94.572,0.445,6.4814816,1.2
2016-12-12,2.76,95.132,0.445,-4.347826,1.2
2016-12-19,2.8,95.132,0.445,-4.347826,1.2
2016-12-26,2.85,95.132,0.445,-4.347826,1.2
2017-01-02,2.88,95.132,0.445,-4.347826,1.2
2017-01-09,2.92,94.609,0.499,-19.357367,0.5
2017-01-16,2.96,94.609,0.499,-19.357367,0.5
2017-01-23,3.0,94.609,0.499,-19.357367,0.5
2017-01-30,3.03,94.609,0.499,-19.357367,0.5
2017-02-06,3.06,94.269,0.499,-1.9047619,0.5
2017-02-13,3.08,94.269,0.499,-1.9047619,0.5
2017-02-20,3.1,94.269,0.499,-1.9047619,0.5
2017-02-27,3.12,94.269,0.499,-1.9047619,0.5
2017-03-06,3.13,94.249,0.499,-1.9417475,0.5
2017-03-13,3.14,94.249,0.499,-1.9417475,0.5
2017-03-20,3.15,94.249,0.499,-1.9417475,0.5
2017-03-27,3.16,94.249,0.499,-1.9417475,0.5
2017-04-03,3.16,94.249,0.499,-1.9417475,0.5
2017-04-10,3.16,95.154,0.499,-2.970297,0.5
2017-04-17,3.15,95.154,0.499,-2.970297,0.5
2017-04-24,3.14,95.154,0.499,-2.970297,0.5
2017-05-01,3.13,95.154,0.499,-2.970297,0.5
2017-05-08,3.12,95.097,0.499,-2.0408163,0.5
2017-05-15,3.1,95.097,0.499,-2.0408163,0.5
2017-05-22,3.08,95.097,0.499,-2.0408163,0.5
2017-05-29,3.06,95.097,0.499,-2.0408163,0.5
2017-06-05,3.04,95.138,0.499,-2.0833333,0.5
2017-06-12,3.02,95.138,0.499,-2.0833333,0.5
2017-06-19,3.0,95.138,0.499,-2.0833333,0.5
2017-06-26,2.98,95.138,0.499,-2.0833333,0.5
2017-07-03,2.96,95.138,0.499,-2.0833333,0.5
2017-07-10,2.94,94.482,0.499,-2.1276596,0.5
2017-07-17,2.92,94.482,0.499,-2.1276596,0.5
2017-07-24,2.9,94.482,0.499,-2.1276596,0.5
2017-07-31,2.88,94.482,0.499,-2.1276596,0.5
2017-08-07,2.86,94.67,0.499,2.173913,0.5
2017-08-14,2.84,94.67,0.499,2.173913,0.5
2017-08-21,2.82,94.67,0.499,2.173913,0.5
2017-08-28,2.8,94.67,0.499,2.173913,0.5
2017-09-04,2.78,94.835,0.499,3.1914895,0.5
2017-09-11,2.76,94.835,0.499,3.1914895,0.5
2017-09-18,2.74,94.835,0.499,3.1914895,0.5
2017-09-25,2.72,94.835,0.499,3.1914895,0.5
2017-10-02,2.7,94.835,0.499,3.1914895,0.5
2017-10-09,2.68,95.71,0.499,11.340206,0.5
2017-10-16,2.67,95.71,0.499,11.340206,0.5
2017-10-23,2.66,95.71,0.499,11.340206,0.5
2017-10-30,2.65,95.71,0.499,11.340206,0.5
2017-11-06,2.64,95.71,0.499,11.340206,0.5
2017-11-13,2.64,96.147,0.499,6.4814816,0.5
2017-11-20,2.64,96.147,0.499,6.4814816,0.5
2017-11-27,2.64,96.147,0.499,6.4814816,0.5
2017-12-04,2.65,96.147,0.499,6.4814816,0.5
2017-12-11,2.65,96.19,0.499,-4.347826,0.5
2017-12-18,2.66,96.19,0.499,-4.347826,0.5
2017-12-25,2.66,96.19,0.499,-4.347826,0.5
2018-01-01,2.67,95.153,0.596,-0.64935064,-0.3
2018-01-08,2.67,95.153,0.596,-0.64935064,-0.3
2018-01-15,2.68,95.153,0.596,-0.64935064,-0.3
2018-01-22,2.68,95.153,0.596,-0.64935064,-0.3
2018-01-29,2.68,95.153,0.596,-0.64935064,-0.3
2018-02-05,2.69,95.281,0.596,-1.9047619,-0.3
2018-02-12,2.69,95.281,0.596,-1.9047619,-0.3
2018-02-19,2.7,95.281,0.596,-1.9047619,-0.3
2018-02-26,2.7,95.281,0.596,-1.9047619,-0.3
2018-03-05,2.7,95.281,0.596,-1.9047619,-0.3
2018-03-12,2.7,95.393,0.596,-1.9417475,-0.3
2018-03-19,2.7,95.393,0.596,-1.9417475,-0.3
2018-03-26,2.7,95.393,0.596,-1.9417475,-0.3
2018-04-02,2.7,95.393,0.596,-1.9417475,-0.3
2018-04-09,2.7,96.181,0.596,-2.970297,-0.3
2018-04-16,2.7,96.181,0.596,-2.970297,-0.3
2018-04-23,2.7,96.181,0.596,-2.970297,-0.3
2018-04-30,2.7,96.181,0.596,-2.970297,-0.3
2018-05-07,2.7,97.048,0.596,-2.0408163,-0.3
2018-05-14,2.7,97.048,0.596,-2.0408163,-0.3
2018-05-21,2.71,97.048,0.596,-2.0408163,-0.3
2018-05-28,2.71,97.048,0.596,-2.0408163,-0.3
2018-06-04,2.72,97.048,0.596,-2.0408163,-0.3
2018-06-11,2.72,97.302,0.596,-2.0833333,-0.3
2018-06-18,2.72,97.302,0.596,-2.0833333,-0.3
2018-06-25,2.72,97.302,0.596,-2.0833333,-0.3
2018-07-02,2.73,97.302,0.596,-2.0833333,-0.3
2018-07-09,2.74,96.604,0.596,-2.1276596,-0.3
2018-07-16,2.75,96.604,0.596,-2.1276596,-0.3
2018-07-23,2.75,96.604,0.596,-2.1276596,-0.3
2018-07-30,2.74,96.604,0.596,-2.1276596,-0.3
2018-08-06,2.73,96.742,0.596,2.173913,-0.3
2018-08-13,2.72,96.742,0.596,2.173913,-0.3
2018-08-20,2.71,96.742,0.596,2.173913,-0.3
2018-08-27,2.7,96.742,0.596,2.173913,-0.3
2018-09-03,2.69,96.742,0.596,2.173913,-0.3
2018-09-10,2.68,96.978,0.596,3.1914895,-0.3
2018-09-17,2.67,96.978,0.596,3.1914895,-0.3
2018-09-24,2.66,96.978,0.596,3.1914895,-0.3
2018-10-01,2.6,96.978,0.596,3.1914895,-0.3
2018-10-08,2.54,96.978,0.596,3.1914895,-0.3
2018-10-15,2.48,97.875,0.596,11.340206,-0.3
2018-10-22,2.44,97.875,0.596,11.340206,-0.3
2018-10-29,2.4,97.875,0.596,11.340206,-0.3
2018-11-05,2.37,97.875,0.596,11.340206,-0.3
2018-11-12,2.35,97.768,0.596,6.4814816,-0.3
2018-11-19,2.33,97.768,0.596,6.4814816,-0.3
2018-11-26,2.32,97.768,0.596,6.4814816,-0.3
2018-12-03,2.31,97.329,0.596,-4.347826,-0.3
2018-12-10,2.3,97.329,0.596,-4.347826,-0.3
2018-12-17,2.3,97.329,0.596,-4.347826,-0.3
2018-12-24,2.3,97.329,0.596,-4.347826,-0.3
2018-12-31,2.3,97.329,0.596,-4.347826,-0.3
2019-01-07,2.31,96.085,0.549,34.759357,0.9
2019-01-14,2.31,96.085,0.549,34.759357,0.9
2019-01-21,2.32,96.085,0.549,34.759357,0.9
2019-01-28,2.32,96.085,0.549,34.759357,0.9
2019-02-04,2.33,96.085,0.549,34.759357,0.9
2019-02-11,2.34,96.32,0.549,-1.9047619,0.9
2019-02-18,2.35,96.32,0.549,-1.9047619,0.9
2019-02-25,2.36,96.32,0.549,-1.9047619,0.9
2019-03-04,2.37,96.32,0.549,-1.9047619,0.9
2019-03-11,2.38,96.669,0.549,-1.9417475,0.9
2019-03-18,2.39,96.669,0.549,-1.9417475,0.9
2019-03-25,2.4,96.669,0.549,-1.9417475,0.9
2019-04-01,2.41,96.669,0.549,-1.9417475,0.9
2019-04-08,2.42,97.644,0.549,-2.970297,0.9
2019-04-15,2.43,97.644,0.549,-2.970297,0.9
2019-04-22,2.44,97.644,0.549,-2.970297,0.9
2019-04-29,2.45,97.644,0.549,-2.970297,0.9
2019-05-06,2.46,97.644,0.549,-2.970297,0.9
2019-05-13,2.47,97.834,0.549,-2.0408163,0.9
2019-05-20,2.48,97.834,0.549,-2.0408163,0.9
2019-05-27,2.48,97.834,0.549,-2.0408163,0.9
2019-06-03,2.48,97.834,0.549,-2.0408163,0.9
2019-06-10,2.48,97.719,0.549,-2.0833333,0.9
2019-06-17,2.48,97.719,0.549,-2.0833333,0.9
2019-06-24,2.48,97.719,0.549,-2.0833333,0.9
2019-07-01,2.48,97.113,0.549,-2.1276596,0.9
2019-07-08,2.48,97.113,0.549,-2.1276596,0.9
2019-07-15,2.48,97.113,0.549,-2.1276596,0.9
2019-07-22,2.48,97.113,0.549,-2.1276596,0.9
2019-07-29,2.47,97.113,0.549,-2.1276596,0.9
2019-08-05,2.46,97.059,0.549,2.173913,0.9
2019-08-12,2.45,97.059,0.549,2.173913,0.9
2019-08-19,2.44,97.059,0.549,2.173913,0.9
2019-08-26,2.43,97.059,0.549,2.173913,0.9
2019-09-02,2.42,97.059,0.549,2.173913,0.9
2019-09-09,2.41,97.059,0.549,3.1914895,0.9
2019-09-16,2.4,97.059,0.549,3.1914895,0.9
2019-09-23,2.39,97.059,0.549,3.1914895,0.9
2019-09-30,2.38,97.059,0.549,3.1914895,0.9
2019-10-07,2.37,98.001,0.549,11.340206,0.9
2019-10-14,2.36,98.001,0.549,11.340206,0.9
2019-10-21,2.36,98.001,0.549,11.340206,0.9
2019-10-28,2.35,98.001,0.549,11.340206,0.9
2019-11-04,2.34,98.167,0.549,6.4814816,0.9
2019-11-11,2.34,98.167,0.549,6.4814816,0.9
2019-11-18,2.33,98.167,0.549,6.4814816,0.9
2019-11-25,2.33,98.167,0.549,6.4814816,0.9
2019-12-02,2.33,98.167,0.549,6.4814816,0.9
2019-12-09,2.32,98.096,0.549,-4.347826,0.9
2019-12-16,2.32,98.096,0.549,-4.347826,0.9
2019-12-23,2.32,98.096,0.549,-4.347826,0.9
2019-12-30,2.32,98.096,0.549,-4.347826,0.9
2020-01-06,2.32,97.139,0.394,11.363636,1.1
2020-01-13,2.32,97.139,0.394,11.363636,1.1
2020-01-20,2.32,97.139,0.394,11.363636,1.1
2020-01-27,2.32,97.139,0.394,11.363636,1.1
2020-02-03,2.32,97.024,0.394,-1.9047619,1.1
2020-02-10,2.32,97.024,0.394,-1.9047619,1.1
2020-02-17,2.32,97.024,0.394,-1.9047619,1.1
2020-02-24,2.32,97.024,0.394,-1.9047619,1.1
2020-03-02,2.32,96.652,0.394,-1.9417475,1.1
2020-03-09,2.32,96.652,0.394,-1.9417475,1.1
2020-03-16,2.32,96.652,0.394,-1.9417475,1.1
2020-03-23,2.32,96.652,0.394,-1.9417475,1.1
2020-03-30,2.32,96.652,0.394,-1.9417475,1.1
2020-04-06,2.32,96.944,0.394,-2.970297,1.1
2020-04-13,2.32,96.944,0.394,-2.970297,1.1
2020-04-20,2.32,96.944,0.394,-2.970297,1.1
2020-04-27,2.31,96.944,0.394,-2.970297,1.1
2020-05-04,2.31,96.944,0.394,-2.970297,1.1
2020-05-11,2.3,96.938,0.394,-2.0408163,1.1
2020-05-18,2.3,96.938,0.394,-2.0408163,1.1
2020-05-25,2.3,96.938,0.394,-2.0408163,1.1
2020-06-01,2.29,97.385,0.394,-2.0833333,1.1
2020-06-08,2.29,97.385,0.394,-2.0833333,1.1
2020-06-15,2.28,97.385,0.394,-2.0833333,1.1
2020-06-22,2.28,97.385,0.394,-2.0833333,1.1
2020-06-29,2.28,97.385,0.394,-2.0833333,1.1
2020-07-06,2.27,97.385,0.394,-2.0833333,1.1
2020-07-13,2.27,96.511,0.394,-2.1276596,1.1
2020-07-20,2.26,96.511,0.394,-2.1276596,1.1
2020-07-27,2.26,96.511,0.394,-2.1276596,1.1
2020-08-03,2.25,96.511,0.394,-2.1276596,1.1
2020-08-10,2.25,96.555,0.394,2.173913,1.1
2020-08-17,2.24,96.555,0.394,2.173913,1.1
2020-08-24,2.24,96.555,0.394,2.173913,1.1
2020-08-31,2.23,96.555,0.394,2.173913,1.1
2020-09-07,2.23,96.7,0.394,3.1914895,1.1
2020-09-14,2.22,96.7,0.394,3.1914895,1.1
2020-09-21,2.22,96.7,0.394,3.1914895,1.1
2020-09-28,2.22,96.7,0.394,3.1914895,1.1
2020-10-05,2.22,97.208,0.394,11.340206,1.1
2020-10-12,2.22,97.208,0.394,11.340206,1.1
2020-10-19,2.22,97.208,0.394,11.340206,1.1
2020-10-26,2.22,97.208,0.394,11.340206,1.1
2020-11-02,2.23,97.208,0.394,11.340206,1.1
2020-11-09,2.24,97.367,0.394,6.4814816,1.1
2020-11-16,2.25,97.367,0.394,6.4814816,1.1
2020-11-23,2.26,97.367,0.394,6.4814816,1.1
2020-11-30,2.28,97.367,0.394,6.4814816,1.1
2020-12-07,2.3,97.367,0.394,6.4814816,1.1
2020-12-14,2.32,97.574,0.394,-4.347826,1.1
2020-12-21,2.34,97.574,0.394,-4.347826,1.1
2021-01-04,2.36,97.583,0.598,-31.818182,0.4
2021-01-11,2.38,97.583,0.598,-31.818182,0.4
2021-01-18,2.4,97.583,0.598,-31.818182,0.4
2021-01-25,2.42,97.583,0.598,-31.818182,0.4
2021-02-01,2.44,97.583,0.598,-31.818182,0.4
2021-02-08,2.46,97.008,0.598,-1.9047619,0.4
2021-02-15,2.48,97.008,0.598,-1.9047619,0.4
2021-02-22,2.5,97.008,0.598,-1.9047619,0.4
2021-03-01,2.52,97.008,0.598,-1.9047619,0.4
2021-03-08,2.54,97.949,0.598,-1.9417475,0.4
2021-03-15,2.56,97.949,0.598,-1.9417475,0.4
2021-03-22,2.58,97.949,0.598,-1.9417475,0.4
2021-03-29,2.6,97.949,0.598,-1.9417475,0.4
2021-04-05,2.62,99.105,0.598,-2.970297,0.4
2021-04-12,2.64,99.105,0.598,-2.970297,0.4
2021-04-19,2.65,99.105,0.598,-2.970297,0.4
2021-04-26,2.66,99.105,0.598,-2.970297,0.4
2021-05-03,2.67,99.105,0.598,-2.970297,0.4
2021-05-10,2.68,99.572,0.598,-2.0408163,0.4
2021-05-17,2.68,99.572,0.598,-2.0408163,0.4
2021-05-24,2.69,99.572,0.598,-2.0408163,0.4
2021-05-31,2.69,99.572,0.598,-2.0408163,0.4
2021-06-07,2.7,99.572,0.598,-2.0408163,0.4
2021-06-14,2.7,100.046,0.598,-2.0833333,0.4
2021-06-21,2.7,100.046,0.598,-2.0833333,0.4
2021-06-28,2.7,100.046,0.598,-2.0833333,0.4
2021-07-05,2.7,100.046,0.598,-2.0833333,0.4
2021-07-12,2.7,99.292,0.598,-2.1276596,0.4
2021-07-19,2.7,99.292,0.598,-2.1276596,0.4
2021-07-26,2.7,99.292,0.598,-2.1276596,0.4
2021-08-02,2.7,99.743,0.598,2.173913,0.4
2021-08-09,2.7,99.743,0.598,2.173913,0.4
2021-08-16,2.7,99.743,0.598,2.173913,0.4
2021-08-23,2.7,99.743,0.598,2.173913,0.4
2021-08-30,2.7,99.743,0.598,2.173913,0.4
2021-09-06,2.71,99.743,0.598,2.173913,0.4
2021-09-13,2.72,100.575,0.598,3.1914895,0.4
2021-09-20,2.73,100.575,0.598,3.1914895,0.4
2021-09-27,2.74,100.575,0.598,3.1914895,0.4
2021-10-04,2.78,100.575,0.598,3.1914895,0.4
2021-10-11,2.83,102.425,0.598,11.340206,0.4
2021-10-18,2.88,102.425,0.598,11.340206,0.4
2021-10-25,2.93,102.425,0.598,11.340206,0.4
2021-11-01,2.98,102.738,0.598,6.4814816,0.4
2021-11-08,3.03,102.738,0.598,6.4814816,0.4
2021-11-15,3.08,102.738,0.598,6.4814816,0.4
2021-11-22,3.13,102.738,0.598,6.4814816,0.4
2021-11-29,3.17,102.738,0.598,6.4814816,0.4
2021-12-06,3.21,103.965,0.598,-4.347826,0.4
2021-12-13,3.25,103.965,0.598,-4.347826,0.4
2021-12-20,3.28,103.965,0.598,-4.347826,0.4
2021-12-27,3.31,103.965,0.598,-4.347826,0.4
2022-01-03,3.33,103.965,0.598,-4.347826,0.4
2022-01-10,3.35,103.567,0.95,-49.090908,-0.2
2022-01-17,3.37,103.567,0.95,-49.090908,-0.2
2022-01-24,3.38,103.567,0.95,-49.090908,-0.2
2022-01-31,3.39,103.567,0.95,-49.090908,-0.2
2022-02-07,3.4,104.403,0.95,-1.9047619,-0.2
2022-02-14,3.41,104.403,0.95,-1.9047619,-0.2
2022-02-21,3.42,104.403,0.95,-1.9047619,-0.2
2022-02-28,3.42,104.403,0.95,-1.9047619,-0.2
2022-03-07,3.42,107.566,0.95,-1.9417475,-0.2
2022-03-14,3.42,107.566,0.95,-1.9417475,-0.2
2022-03-21,3.42,107.566,0.95,-1.9417475,-0.2
2022-03-28,3.41,107.566,0.95,-1.9417475,-0.2
2022-04-04,3.4,107.375,0.95,-2.970297,-0.2
2022-04-11,3.39,107.375,0.95,-2.970297,-0.2
2022-04-18,3.38,107.375,0.95,-2.970297,-0.2
2022-04-25,3.37,107.375,0.95,-2.970297,-0.2
2022-05-02,3.36,107.375,0.95,-2.970297,-0.2
2022-05-09,3.34,108.262,0.95,-2.0408163,-0.2
2022-05-16,3.32,108.262,0.95,-2.0408163,-0.2
2022-05-23,3.3,108.262,0.95,-2.0408163,-0.2
2022-05-30,3.28,108.262,0.95,-2.0408163,-0.2
2022-06-06,3.25,110.267,0.95,-2.0833333,-0.2
2022-06-13,3.22,110.267,0.95,-2.0833333,-0.2
2022-06-20,3.19,110.267,0.95,-2.0833333,-0.2
2022-06-27,3.16,110.267,0.95,-2.0833333,-0.2
2022-07-04,3.14,109.986,0.95,-2.1276596,-0.2
2022-07-11,3.12,109.986,0.95,-2.1276596,-0.2
2022-07-18,3.1,109.986,0.95,-2.1276596,-0.2
2022-07-25,3.08,109.986,0.95,-2.1276596,-0.2
2022-08-01,3.1,109.986,0.95,-2.1276596,-0.2
2022-08-08,3.12,110.265,0.95,2.173913,-0.2
2022-08-15,3.15,110.265,0.95,2.173913,-0.2
2022-08-22,3.18,110.265,0.95,2.173913,-0.2
2022-08-29,3.21,110.265,0.95,2.173913,-0.2
2022-09-05,3.25,109.498,0.95,3.1914895,-0.2
2022-09-12,3.29,109.498,0.95,3.1914895,-0.2
2022-09-19,3.33,109.498,0.95,3.1914895,-0.2
2022-09-26,3.37,109.498,0.95,3.1914895,-0.2
2022-10-03,3.45,109.866,0.95,11.340206,-0.2
2022-10-10,3.56,109.866,0.95,11.340206,-0.2
2022-10-17,3.68,109.866,0.95,11.340206,-0.2
2022-10-24,3.8,109.866,0.95,11.340206,-0.2
2022-10-31,3.93,109.866,0.95,11.340206,-0.2
2022-11-07,4.06,109.734,0.95,6.4814816,-0.2
2022-11-14,4.2,109.734,0.95,6.4814816,-0.2
2022-11-21,4.33,109.734,0.95,6.4814816,-0.2
2022-11-28,4.45,109.734,0.95,6.4814816,-0.2
2022-12-05,4.56,109.734,0.95,6.4814816,-0.2
2022-12-12,4.66,109.899,0.95,-4.347826,-0.2
2022-12-19,4.75,109.899,0.95,-4.347826,-0.2
2022-12-26,4.82,109.899,0.95,-4.347826,-0.2
2023-01-02,4.88,109.899,0.95,-4.347826,-0.2
2023-01-09,4.92,109.668,0.82,-28.40909,0.6
2023-01-16,4.95,109.668,0.82,-28.40909,0.6
2023-01-23,4.97,109.668,0.82,-28.40909,0.6
2023-01-30,4.98,109.668,0.82,-28.40909,0.6
2023-02-06,4.98,110.703,0.82,-1.9047619,0.6
2023-02-13,4.98,110.703,0.82,-1.9047619,0.6
2023-02-20,4.97,110.703,0.82,-1.9047619,0.6
2023-02-27,4.96,110.703,0.82,-1.9047619,0.6
2023-03-06,4.95,111.111,0.82,-1.9417475,0.6
2023-03-13,4.94,111.111,0.82,-1.9417475,0.6
2023-03-20,4.93,111.111,0.82,-1.9417475,0.6
2023-03-27,4.92,111.111,0.82,-1.9417475,0.6
2023-04-03,4.91,111.111,0.82,-1.9417475,0.6
2023-04-10,4.9,111.773,0.82,-2.970297,0.6
2023-04-17,4.9,111.773,0.82,-2.970297,0.6
2023-04-24,4.9,111.773,0.82,-2.970297,0.6
2023-05-01,4.9,111.773,0.82,-2.970297,0.6
2023-05-08,4.92,111.719,0.82,-2.0408163,0.6
2023-05-15,4.94,111.719,0.82,-2.0408163,0.6
2023-05-22,4.98,111.719,0.82,-2.0408163,0.6
2023-05-29,5.03,111.719,0.82,-2.0408163,0.6
2023-06-05,5.09,112.354,0.82,-2.0833333,0.6
2023-06-12,5.16,112.354,0.82,-2.0833333,0.6
2023-06-19,5.24,112.354,0.82,-2.0833333,0.6
2023-06-26,5.33,112.354,0.82,-2.0833333,0.6
2023-07-03,5.43,112.354,0.82,-2.0833333,0.6
2023-07-10,5.54,112.544,0.82,-2.1276596,0.6
2023-07-17,5.66,112.544,0.82,-2.1276596,0.6
2023-07-24,5.77,112.544,0.82,-2.1276596,0.6
2023-07-31,5.88,112.544,0.82,-2.1276596,0.6
2023-08-07,5.98,113.149,0.82,2.173913,0.6
2023-08-14,6.07,113.149,0.82,2.173913,0.6
2023-08-21,6.15,113.149,0.82,2.173913,0.6
2023-08-28,6.22,113.149,0.82,2.173913,0.6
2023-09-04,6.28,113.348,0.82,3.1914895,0.6
2023-09-11,6.33,113.348,0.82,3.1914895,0.6
2023-09-18,6.37,113.348,0.82,3.1914895,0.6
2023-09-25,6.4,113.348,0.82,3.1914895,0.6
2023-10-02,7.88,113.348,0.82,3.1914895,0.6
2023-10-09,8.0,113.676,0.82,11.340206,0.6
2023-10-16,8.15,113.676,0.82,11.340206,0.6
2023-10-23,8.28,113.676,0.82,11.340206,0.6
2023-10-30,8.4,113.676,0.82,11.340206,0.6
2023-11-06,8.45,113.676,0.82,11.340206,0.6
2023-11-13,8.48,113.28,0.82,6.4814816,0.6
2023-11-20,8.48,113.28,0.82,6.4814816,0.6
2023-11-27,8.45,113.28,0.82,6.4814816,0.6
2023-12-04,8.4,113.28,0.82,6.4814816,0.6
2023-12-11,8.32,113.308,0.82,-4.347826,0.6
2023-12-18,8.23,113.308,0.82,-4.347826,0.6
2023-12-25,8.14,113.308,0.82,-4.347826,0.6
2024-01-01,8.06,113.404,0.76,90.90909,0.7
2024-01-08,7.98,113.404,0.76,90.90909,0.7
2024-01-15,7.89,113.404,0.76,90.90909,0.7
2024-01-22,7.8,113.404,0.76,90.90909,0.7
2024-01-29,7.7,113.404,0.76,90.90909,0.7
2024-02-05,7.6,113.404,0.76,90.90909,0.7
2024-02-12,7.48,113.807,0.76,-1.9047619,0.7
2024-02-19,7.36,113.807,0.76,-1.9047619,0.7
2024-02-26,7.23,113.807,0.76,-1.9047619,0.7
2024-03-04,7.1,113.807,0.76,-1.9047619,0.7
2024-03-11,6.97,114.674,0.76,-1.9417475,0.7
2024-03-18,6.85,114.674,0.76,-1.9417475,0.7
2024-03-25,6.73,114.674,0.76,-1.9417475,0.7
2024-04-01,6.62,114.674,0.76,-1.9417475,0.7
2024-04-08,6.52,115.472,0.76,-2.970297,0.7
2024-04-15,6.43,115.472,0.76,-2.970297,0.7
2024-04-22,6.35,115.472,0.76,-2.970297,0.7
2024-04-29,6.28,115.472,0.76,-2.970297,0.7
2024-05-06,6.22,115.776,0.76,-2.0408163,0.7
2024-05-13,6.18,115.776,0.76,-2.0408163,0.7
2024-05-20,6.14,115.776,0.76,-2.0408163,0.7
2024-05-27,6.11,115.776,0.76,-2.0408163,0.7
2024-06-03,6.08,115.776,0.76,-2.0408163,0.7
2024-06-10,6.06,116.212,0.76,-2.0833333,0.7
2024-06-17,6.04,116.212,0.76,-2.0833333,0.7
2024-06-24,6.02,116.212,0.76,-2.0833333,0.7
2024-07-01,6.0,116.212,0.76,-2.0833333,0.7
2024-07-08,5.98,116.212,0.76,-2.0833333,0.7
2024-07-15,5.96,115.66,0.76,-2.1276596,0.7
2024-07-22,5.94,115.66,0.76,-2.1276596,0.7
2024-07-29,5.92,115.66,0.76,-2.1276596,0.7
2024-08-05,5.9,115.707,0.76,2.173913,0.7
2024-08-12,5.88,115.707,0.76,2.173913,0.7
2024-08-19,5.86,115.707,0.76,2.173913,0.7
2024-08-26,5.84,115.707,0.76,2.173913,0.7
2024-09-02,5.82,115.707,0.76,2.173913,0.7
2024-09-09,5.8,115.009,0.76,3.1914895,0.7
2024-09-16,5.78,115.009,0.76,3.1914895,0.7
2024-09-23,5.76,115.009,0.76,3.1914895,0.7
2024-09-30,5.6,115.009,0.76,3.1914895,0.7
2024-10-07,5.45,115.726,0.76,11.340206,0.7
2024-10-14,5.3,115.726,0.76,11.340206,0.7
2024-10-21,5.16,115.726,0.76,11.340206,0.7
2024-10-28,5.03,115.726,0.76,11.340206,0.7
2024-11-04,4.91,116.01,0.76,6.4814816,0.7
2024-11-11,4.8,116.01,0.76,6.4814816,0.7
2024-11-18,4.7,116.01,0.76,6.4814816,0.7
2024-11-25,4.61,116.01,0.76,6.4814816,0.7
2024-12-02,4.53,116.534,0.76,-4.347826,0.7
2024-12-09,4.46,116.534,0.76,-4.347826,0.7
2024-12-16,4.4,116.534,0.76,-4.347826,0.7
2024-12-23,4.35,116.534,0.76,-4.347826,0.7
2024-12-30,4.35,116.534,0.76,-4.347826,0.7
2025-01-06,4.38,116.534,0.76,-4.347826,0.7
2025-01-13,4.42,116.733,0.72,29.261364,0.5
2025-01-20,4.48,116.733,0.72,29.261364,0.5
2025-01-27,4.55,116.733,0.72,29.261364,0.5
2025-02-03,4.62,116.733,0.72,29.261364,0.5
2025-02-10,4.68,117.191,0.72,-1.9047619,0.5
2025-02-17,4.72,117.191,0.72,-1.9047619,0.5
2025-02-24,4.75,117.191,0.72,-1.9047619,0.5
2025-03-03,4.76,117.26,0.72,-1.9417475,0.5
2025-03-10,4.76,117.26,0.72,-1.9417475,0.5
2025-03-17,4.75,117.26,0.72,-1.9417475,0.5
2025-03-24,4.73,117.26,0.72,-1.9417475,0.5
2025-03-31,4.7,117.26,0.72,-1.9417475,0.5
2025-04-07,4.67,117.26,0.72,-1.9417475,0.5
2025-04-14,4.64,117.997,0.72,-2.970297,0.5
2025-04-21,4.61,117.997,0.72,-2.970297,0.5
2025-04-28,4.58,117.997,0.72,-2.970297,0.5
2025-05-05,4.55,118.077,0.72,-2.0408163,0.5
2025-05-12,4.52,118.077,0.72,-2.0408163,0.5
2025-05-19,4.5,118.077,0.72,-2.0408163,0.5
2025-05-26,4.48,118.077,0.72,-2.0408163,0.5
2025-06-02,4.47,118.867,0.72,-2.0833333,0.5
2025-06-09,4.46,118.867,0.72,-2.0833333,0.5
2025-06-16,4.46,118.867,0.72,-2.0833333,0.5
2025-06-23,4.46,118.867,0.72,-2.0833333,0.5
2025-06-30,4.47,118.867,0.72,-2.0833333,0.5
2025-07-07,4.48,118.777,0.72,-2.1276596,0.5
2025-07-14,4.5,118.777,0.72,-2.1276596,0.5
2025-07-21,4.52,118.777,0.72,-2.1276596,0.5
2025-07-28,4.54,118.777,0.72,-2.1276596,0.5
2025-08-04,4.56,118.777,0.72,-2.1276596,0.5
2025-08-11,4.58,118.824,0.72,2.173913,0.5
2025-08-18,4.6,118.824,0.72,2.173913,0.5
2025-08-25,4.62,118.824,0.72,2.173913,0.5
2025-09-01,4.64,118.824,0.72,2.173913,0.5
2025-09-08,4.66,118.485,0.72,3.1914895,0.5
2025-09-15,4.68,118.485,0.72,3.1914895,0.5
2025-09-22,4.7,118.485,0.72,3.1914895,0.5
2025-09-29,4.76,118.485,0.72,3.1914895,0.5
2025-10-06,4.84,119.301,0.72,11.340206,0.5
2025-10-13,4.9,119.301,0.72,11.340206,0.5
2025-10-20,4.96,119.301,0.72,11.340206,0.5
2025-10-27,5.01,119.301,0.72,11.340206,0.5
2025-11-03,5.05,119.301,0.72,11.340206,0.5
2025-11-10,5.08,119.532,0.72,6.4814816,0.5
2025-11-17,5.1,119.532,0.72,6.4814816,0.5
2025-11-24,5.12,119.532,0.72,6.4814816,0.5
2025-12-01,5.14,119.532,0.72,6.4814816,0.5
2025-12-08,5.16,119.942,0.72,-4.347826,0.5
2025-12-15,5.18,119.942,0.72,-4.347826,0.5
2025-12-22,5.2,119.942,0.72,-4.347826,0.5
2025-12-29,5.22,119.942,0.72,-4.347826,0.5
2026-01-05,5.24,119.942,0.72,-4.347826,0.5
2026-01-12,5.24,119.942,0.72,-4.347826,0.5
2026-01-19,5.23,119.942,0.72,-4.347826,0.5
2026-01-26,5.21,119.942,0.72,-4.347826,0.5
2026-02-02,5.19,119.942,0.72,-1.9047619,0.5
2026-02-09,5.16,119.942,0.72,-1.9047619,0.5
2026-02-16,5.13,119.942,0.72,-1.9047619,0.5
2026-02-23,5.1,119.942,0.72,-1.9047619,0.5
2026-03-02,5.07,119.942,0.72,-1.9047619,0.5
2026-03-09,5.04,119.942,0.72,-1.9047619,0.5
2026-03-16,5.01,119.942,0.72,-1.9047619,0.5
2026-03-23,4.98,119.942,0.72,-1.9047619,0.5
2026-03-30,4.95,119.942,0.72,-1.9047619,0.5
2026-04-06,4.93,119.942,0.72,-1.9047619,0.5
2026-04-13,4.91,119.942,0.72,-1.9047619,0.5
2026-04-20,4.9,119.942,0.72,-1.9047619,0.5
2026-04-27,4.89,119.942,0.72,-1.9047619,0.5